SubCount,chid
1292.0,UC64do0QynUFrMe85Zg
1422.0,UC64do0QynUFrMe85Zg
1551.0,UC64do0QynUFrMe85Zg
1681.0,UC64do0QynUFrMe85Zg
1810.0,UC64do0QynUFrMe85Zg
1940.0,UC64do0QynUFrMe85Zg
2069.0,UC64do0QynUFrMe85Zg
2199.0,UC64do0QynUFrMe85Zg
2328.0,UC64do0QynUFrMe85Zg
2458.0,UC64do0QynUFrMe85Zg
2587.0,UC64do0QynUFrMe85Zg
2717.0,UC64do0QynUFrMe85Zg
2846.0,UC64do0QynUFrMe85Zg
2975.0,UC64do0QynUFrMe85Zg
3105.0,UC64do0QynUFrMe85Zg
3234.0,UC64do0QynUFrMe85Zg
3364.0,UC64do0QynUFrMe85Zg
3493.0,UC64do0QynUFrMe85Zg
3623.0,UC64do0QynUFrMe85Zg
3752.0,UC64do0QynUFrMe85Zg
3882.0,UC64do0QynUFrMe85Zg
4011.0,UC64do0QynUFrMe85Zg
4141.0,UC64do0QynUFrMe85Zg
4270.0,UC64do0QynUFrMe85Zg
4400.0,UC64do0QynUFrMe85Zg
4529.0,UC64do0QynUFrMe85Zg
4658.0,UC64do0QynUFrMe85Zg
4788.0,UC64do0QynUFrMe85Zg
4917.0,UC64do0QynUFrMe85Zg
5047.0,UC64do0QynUFrMe85Zg
5176.0,UC64do0QynUFrMe85Zg
5306.0,UC64do0QynUFrMe85Zg
5435.0,UC64do0QynUFrMe85Zg
5565.0,UC64do0QynUFrMe85Zg
5694.0,UC64do0QynUFrMe85Zg
5824.0,UC64do0QynUFrMe85Zg
5953.0,UC64do0QynUFrMe85Zg
6083.0,UC64do0QynUFrMe85Zg
6212.0,UC64do0QynUFrMe85Zg
6341.0,UC64do0QynUFrMe85Zg
6471.0,UC64do0QynUFrMe85Zg
6600.0,UC64do0QynUFrMe85Zg
6730.0,UC64do0QynUFrMe85Zg
6859.0,UC64do0QynUFrMe85Zg
6989.0,UC64do0QynUFrMe85Zg
7118.0,UC64do0QynUFrMe85Zg
7248.0,UC64do0QynUFrMe85Zg
7377.0,UC64do0QynUFrMe85Zg
7507.0,UC64do0QynUFrMe85Zg
7636.0,UC64do0QynUFrMe85Zg
7766.0,UC64do0QynUFrMe85Zg
7895.0,UC64do0QynUFrMe85Zg
8025.0,UC64do0QynUFrMe85Zg
8154.0,UC64do0QynUFrMe85Zg
8283.0,UC64do0QynUFrMe85Zg
8413.0,UC64do0QynUFrMe85Zg
8542.0,UC64do0QynUFrMe85Zg
8672.0,UC64do0QynUFrMe85Zg
8801.0,UC64do0QynUFrMe85Zg
8931.0,UC64do0QynUFrMe85Zg
9060.0,UC64do0QynUFrMe85Zg
9190.0,UC64do0QynUFrMe85Zg
9319.0,UC64do0QynUFrMe85Zg
9449.0,UC64do0QynUFrMe85Zg
9578.0,UC64do0QynUFrMe85Zg
9708.0,UC64do0QynUFrMe85Zg
9837.0,UC64do0QynUFrMe85Zg
9966.0,UC64do0QynUFrMe85Zg
10096.0,UC64do0QynUFrMe85Zg
10225.0,UC64do0QynUFrMe85Zg
10355.0,UC64do0QynUFrMe85Zg
10484.0,UC64do0QynUFrMe85Zg
10614.0,UC64do0QynUFrMe85Zg
10743.0,UC64do0QynUFrMe85Zg
10873.0,UC64do0QynUFrMe85Zg
11002.0,UC64do0QynUFrMe85Zg
11132.0,UC64do0QynUFrMe85Zg
11261.0,UC64do0QynUFrMe85Zg
11391.0,UC64do0QynUFrMe85Zg
11520.0,UC64do0QynUFrMe85Zg
11649.0,UC64do0QynUFrMe85Zg
11779.0,UC64do0QynUFrMe85Zg
11908.0,UC64do0QynUFrMe85Zg
12038.0,UC64do0QynUFrMe85Zg
12167.0,UC64do0QynUFrMe85Zg
12297.0,UC64do0QynUFrMe85Zg
12426.0,UC64do0QynUFrMe85Zg
12556.0,UC64do0QynUFrMe85Zg
12685.0,UC64do0QynUFrMe85Zg
12815.0,UC64do0QynUFrMe85Zg
